"NOTE
- First, please read the tutorial carefully: https://support.strikingly.com/hc/en-us/articles/900000724643
- DO NOT change any of the first 3 rows.
- DO NOT change the column ordering.
- If a product has multiple categories, use ; to separate them
- If a product has multiple options, basic options will only use values from the first row
- When adding products, Product ID must be blank. If Product ID is not blank, that product will be replaced in your store's product list!
- When setting a product as a Pre-Order product, the format of ship date should be MM/YYYY",,,,,,,,,,,,,,,,,
Data Type,Product ID,Product Name,Description,Option Name 1,Option Choice 1,Option Name 2,Option Choice 2,Price,Crossed-out Price,Stock,Categories,Shipping,Ship Date,Weight,Visible,Image URLs,Page Description
*required,*can be blank,*option can be blank,*can be blank,*can be blank,*can be blank,*can be blank,*can be blank,,*can be blank,*blank=unlimited,*can be blank,"*1=need shipping, 0=no shipping, option can be blank",*blank=not set for a pre-order,*can be blank,"*1=visible, 0=hidden, option can be blank",*can be blank,*can be blank
Product,,Cotton-Linen Scarf,An example product without options,,,,,10,36,,Mens;Womens;Accessories,0,,,1,"https://user-images.strikinglycdn.com/res/hrscywv4p/image/upload/c_limit,fl_lossy,h_1000,w_500,f_auto,q_auto/1339460/239721_52786.jpeg; https://user-images.strikinglycdn.com/res/hrscywv4p/image/upload/c_limit,fl_lossy,h_1000,w_500,f_auto,q_auto/1339460/239721_52786.jpeg","<p>Praesent laoreet ornare ligula, ac accumsan turpis sagittis at. Integer auctor egestas eleifend. Etiam luctus mattis justo, vitae fermentum libero euismod lacinia. Proin at consequat risus. Praesent sollicitudin vestibulum felis, ut sodales enim.</p>"
Product,,White T-Shirt,An example product with 1-level options,,,,,,,,Mens,1,,,1,"https://user-images.strikinglycdn.com/res/hrscywv4p/image/upload/c_limit,fl_lossy,h_1000,w_500,f_auto,q_auto/1339460/815163_385649.jpeg","<p>Praesent laoreet ornare ligula, ac accumsan turpis sagittis at. Integer auctor egestas eleifend. Etiam luctus mattis justo, vitae fermentum libero euismod lacinia. Proin at consequat risus. Praesent sollicitudin vestibulum felis, ut sodales enim.</p>"
Option,,,,,Small,,,19.99,29,10,,,,,,"https://user-images.strikinglycdn.com/res/hrscywv4p/image/upload/c_limit,fl_lossy,h_1000,w_500,f_auto,q_auto/1339460/815163_385649.jpeg",
Option,,,,,Large,,,19.99,29,10,,,,,,"https://user-images.strikinglycdn.com/res/hrscywv4p/image/upload/c_limit,fl_lossy,h_1000,w_500,f_auto,q_auto/1339460/815163_385649.jpeg",
Product,,Cotton T-Shirt,An example product with 2-level options,,,,,,,,Mens,1,,,1,"https://user-images.strikinglycdn.com/res/hrscywv4p/image/upload/c_limit,fl_lossy,h_1000,w_500,f_auto,q_auto/1339460/815163_385649.jpeg","<p>Praesent laoreet ornare ligula, ac accumsan turpis sagittis at. Integer auctor egestas eleifend. Etiam luctus mattis justo, vitae fermentum libero euismod lacinia. Proin at consequat risus. Praesent sollicitudin vestibulum felis, ut sodales enim.</p>"
Option,,,,Color,Green,Size,Small,19.99,29,10,,,,,,"https://user-images.strikinglycdn.com/res/hrscywv4p/image/upload/c_limit,fl_lossy,h_1000,w_500,f_auto,q_auto/1339460/815163_385649.jpeg",
Option,,,,Color,Green,Size,Large,19.99,29,10,,,,,,"https://user-images.strikinglycdn.com/res/hrscywv4p/image/upload/c_limit,fl_lossy,h_1000,w_500,f_auto,q_auto/1339460/244080_716593.jpeg",
Option,,,,Color,Grey,Size,Small,19.99,29,10,,,,,,"https://user-images.strikinglycdn.com/res/hrscywv4p/image/upload/c_limit,fl_lossy,h_1000,w_500,f_auto,q_auto/1339460/244080_716593.jpeg",
Option,,,,Color,Grey,Size,Large,19.99,29,10,,,,,,"https://user-images.strikinglycdn.com/res/hrscywv4p/image/upload/c_limit,fl_lossy,h_1000,w_500,f_auto,q_auto/1339460/244080_716593.jpeg",
